     0.000,     0.000,     0.000,     0.000,     0.000,     0.000,     0.000,     0.000,     0.000,     0.000,     0.000,     0.000,     0.000,     0.000,     0.000,     0.000,     0.000,     0.000,     0.000,     0.000
     0.000,    44.000,     0.128,    19.000,     0.035,     0.000,     0.000,     0.000,     0.000,     0.000,     0.000,     0.000,     0.000,     0.000,     0.000,     0.000,     0.000,     0.000,     0.000,     0.119
    15.000,    48.000,     0.113,    43.000,     0.056,    34.000,     0.034,    16.000,     0.008,     1.000,     0.000,     0.000,     0.000,     0.000,     0.000,     0.000,     0.000,     0.000,     0.000,     0.077
    30.000,    48.000,     0.091,    45.000,     0.084,    54.000,     0.082,    37.000,     0.045,    27.000,     0.012,    12.000,     0.004,     2.000,     0.000,     0.000,     0.000,     0.000,     0.000,     0.072
    45.000,    48.000,     0.090,    52.000,     0.077,    40.000,     0.092,    48.000,     0.086,    41.000,     0.059,    31.000,     0.031,    23.000,     0.025,    12.000,     0.012,     2.000,     0.000,     0.072
    60.000,    48.000,     0.131,    47.000,     0.083,    49.000,     0.087,    46.000,     0.113,    48.000,     0.103,    43.000,     0.097,    39.000,     0.076,    26.000,     0.066,    24.000,     0.047,     0.096
    75.000,    48.000,     0.083,    44.000,     0.079,    46.000,     0.054,    52.000,     0.098,    44.000,     0.117,    47.000,     0.100,    45.000,     0.099,    41.000,     0.102,    30.000,     0.087,     0.091
    90.000,    45.000,     0.088,    48.000,     0.058,    48.000,     0.084,    46.000,     0.080,    50.000,     0.119,    51.000,     0.117,    44.000,     0.129,    39.000,     0.108,    36.000,     0.131,     0.101
   105.000,    45.000,     0.160,    46.000,     0.074,    47.000,     0.080,    51.000,     0.089,    44.000,     0.106,    46.000,     0.131,    47.000,     0.135,    48.000,     0.176,    49.000,     0.184,     0.126
   120.000,    45.000,     0.100,    51.000,     0.125,    43.000,     0.084,    44.000,     0.067,    52.000,     0.090,    51.000,     0.084,    50.000,     0.124,    44.000,     0.170,    45.000,     0.242,     0.121
   135.000,    48.000,     0.127,    45.000,     0.081,    47.000,     0.121,    48.000,     0.114,    42.000,     0.077,    46.000,     0.098,    50.000,     0.123,    52.000,     0.170,    49.000,     0.199,     0.125
   150.000,    45.000,     0.055,    47.000,     0.056,    48.000,     0.107,    53.000,     0.110,    46.000,     0.100,    44.000,     0.151,    43.000,     0.135,    54.000,     0.156,    52.000,     0.191,     0.119
   165.000,    44.000,     0.080,    44.000,     0.063,    43.000,     0.074,    44.000,     0.087,    47.000,     0.128,    46.000,     0.122,    40.000,     0.094,    38.000,     0.115,    46.000,     0.230,     0.113
   180.000,    44.000,     0.123,    47.000,     0.074,    48.000,     0.090,    49.000,     0.086,    48.000,     0.080,    48.000,     0.118,    52.000,     0.177,    42.000,     0.177,    40.000,     0.178,     0.121
   195.000,    42.000,     0.098,    47.000,     0.091,    51.000,     0.094,    42.000,     0.117,    45.000,     0.099,    45.000,     0.088,    46.000,     0.139,    53.000,     0.195,    49.000,     0.217,     0.127
   210.000,    44.000,     0.107,    44.000,     0.087,    43.000,     0.093,    51.000,     0.100,    43.000,     0.120,    42.000,     0.116,    46.000,     0.131,    53.000,     0.160,    46.000,     0.196,     0.125
   225.000,    48.000,     0.077,    47.000,     0.109,    44.000,     0.095,    41.000,     0.086,    46.000,     0.102,    44.000,     0.110,    51.000,     0.152,    39.000,     0.205,    49.000,     0.207,     0.128
   240.000,    45.000,     0.110,    49.000,     0.067,    49.000,     0.106,    48.000,     0.116,    37.000,     0.097,    47.000,     0.138,    44.000,     0.150,    41.000,     0.160,    43.000,     0.209,     0.127
   255.000,    41.000,     0.100,    46.000,     0.054,    46.000,     0.078,    48.000,     0.126,    52.000,     0.103,    47.000,     0.128,    42.000,     0.145,    37.000,     0.158,    47.000,     0.201,     0.121
   270.000,    47.000,     0.063,    49.000,     0.079,    43.000,     0.073,    40.000,     0.063,    49.000,     0.103,    47.000,     0.128,    52.000,     0.176,    55.000,     0.188,    45.000,     0.165,     0.117
   285.000,    45.000,     0.171,    46.000,     0.077,    44.000,     0.091,    44.000,     0.099,    36.000,     0.096,    37.000,     0.114,    45.000,     0.122,    47.000,     0.160,    55.000,     0.235,     0.133
     0.000,    75.000,     0.103,    34.000,     0.040,     2.000,     0.000,     0.000,     0.000,     0.000,     0.000,     0.000,     0.000,     0.000,     0.000,     0.000,     0.000,     0.000,     0.000,     0.095
    15.000,    79.000,     0.135,    74.000,     0.084,    63.000,     0.051,    28.000,     0.022,     5.000,     0.000,     0.000,     0.000,     0.000,     0.000,     0.000,     0.000,     0.000,     0.000,     0.098
    30.000,    80.000,     0.135,    78.000,     0.094,    72.000,     0.097,    69.000,     0.077,    50.000,     0.044,    24.000,     0.024,     8.000,     0.000,     1.000,     0.000,     0.000,     0.000,     0.096
    45.000,    80.000,     0.107,    82.000,     0.094,    82.000,     0.113,    80.000,     0.112,    69.000,     0.082,    56.000,     0.099,    42.000,     0.056,    24.000,     0.042,    10.000,     0.013,     0.098
    60.000,    79.000,     0.137,    74.000,     0.098,    75.000,     0.112,    78.000,     0.133,    77.000,     0.128,    74.000,     0.105,    56.000,     0.115,    46.000,     0.095,    35.000,     0.077,     0.116
    75.000,    75.000,     0.175,    80.000,     0.104,    82.000,     0.102,    75.000,     0.115,    79.000,     0.160,    80.000,     0.176,    74.000,     0.154,    64.000,     0.137,    51.000,     0.147,     0.141
    90.000,    78.000,     0.181,    77.000,     0.122,    78.000,     0.117,    80.000,     0.141,    81.000,     0.130,    74.000,     0.170,    83.000,     0.189,    74.000,     0.196,    75.000,     0.195,     0.160
   105.000,    75.000,     0.127,    80.000,     0.138,    71.000,     0.135,    75.000,     0.134,    67.000,     0.152,    86.000,     0.170,    78.000,     0.181,    84.000,     0.210,    83.000,     0.244,     0.166
   120.000,    77.000,     0.175,    70.000,     0.166,    79.000,     0.179,    77.000,     0.162,    79.000,     0.153,    66.000,     0.155,    73.000,     0.226,    84.000,     0.233,    77.000,     0.249,     0.190
   135.000,    75.000,     0.208,    78.000,     0.127,    71.000,     0.145,    74.000,     0.161,    88.000,     0.178,    88.000,     0.211,    70.000,     0.188,    62.000,     0.186,    78.000,     0.275,     0.189
   150.000,    78.000,     0.171,    81.000,     0.158,    80.000,     0.165,    71.000,     0.166,    64.000,     0.190,    66.000,     0.221,    80.000,     0.205,    83.000,     0.215,    67.000,     0.230,     0.190
   165.000,    75.000,     0.178,    82.000,     0.110,    76.000,     0.161,    79.000,     0.194,    81.000,     0.187,    83.000,     0.186,    67.000,     0.194,    74.000,     0.230,    77.000,     0.238,     0.186
   180.000,    76.000,     0.168,    75.000,     0.107,    76.000,     0.133,    93.000,     0.158,    74.000,     0.203,    72.000,     0.181,    80.000,     0.209,    76.000,     0.233,    68.000,     0.262,     0.183
   195.000,    72.000,     0.155,    82.000,     0.111,    73.000,     0.142,    70.000,     0.171,    90.000,     0.182,    91.000,     0.202,    75.000,     0.207,    79.000,     0.255,    81.000,     0.310,     0.194
   210.000,    70.000,     0.125,    67.000,     0.105,    82.000,     0.152,    71.000,     0.150,    68.000,     0.143,    82.000,     0.199,    96.000,     0.234,    83.000,     0.264,    72.000,     0.296,     0.189
   225.000,    77.000,     0.175,    80.000,     0.114,    78.000,     0.110,    76.000,     0.161,    77.000,     0.149,    67.000,     0.150,    72.000,     0.193,    93.000,     0.272,    95.000,     0.313,     0.191
   240.000,    75.000,     0.101,    72.000,     0.106,    66.000,     0.115,    69.000,     0.134,    80.000,     0.160,    82.000,     0.166,    73.000,     0.182,    75.000,     0.234,    85.000,     0.315,     0.172
   255.000,    78.000,     0.147,    77.000,     0.109,    79.000,     0.125,    73.000,     0.122,    66.000,     0.113,    74.000,     0.173,    88.000,     0.191,    79.000,     0.198,    71.000,     0.294,     0.166
   270.000,    74.000,     0.158,    77.000,     0.148,    72.000,     0.147,    66.000,     0.127,    70.000,     0.147,    62.000,     0.125,    66.000,     0.162,    78.000,     0.244,    87.000,     0.289,     0.176
   285.000,    76.000,     0.160,    74.000,     0.123,    86.000,     0.119,    79.000,     0.135,    75.000,     0.136,    81.000,     0.139,    64.000,     0.171,    70.000,     0.208,    67.000,     0.249,     0.158
     0.000,    75.000,     0.122,    31.000,     0.043,     1.000,     0.000,     0.000,     0.000,     0.000,     0.000,     0.000,     0.000,     0.000,     0.000,     0.000,     0.000,     0.000,     0.000,     0.115
    15.000,    77.000,     0.127,    80.000,     0.083,    54.000,     0.048,    20.000,     0.036,     1.000,     0.000,     0.000,     0.000,     0.000,     0.000,     0.000,     0.000,     0.000,     0.000,     0.096
    30.000,    80.000,     0.128,    75.000,     0.099,    90.000,     0.131,    76.000,     0.078,    40.000,     0.031,    20.000,     0.029,     4.000,     0.024,     0.000,     0.000,     0.000,     0.000,     0.104
    45.000,    75.000,     0.143,    80.000,     0.133,    75.000,     0.135,    74.000,     0.147,    81.000,     0.132,    53.000,     0.069,    35.000,     0.022,    21.000,     0.033,     6.000,     0.022,     0.125
    60.000,    76.000,     0.144,    81.000,     0.124,    78.000,     0.134,    79.000,     0.140,    73.000,     0.172,    79.000,     0.170,    70.000,     0.103,    45.000,     0.058,    30.000,     0.046,     0.135
    75.000,    79.000,     0.185,    76.000,     0.126,    83.000,     0.148,    81.000,     0.151,    83.000,     0.159,    76.000,     0.154,    80.000,     0.193,    81.000,     0.150,    61.000,     0.137,     0.158
    90.000,    75.000,     0.155,    73.000,     0.066,    72.000,     0.113,    80.000,     0.150,    71.000,     0.168,    83.000,     0.173,    83.000,     0.188,    74.000,     0.224,    74.000,     0.254,     0.167
   105.000,    75.000,     0.133,    78.000,     0.119,    80.000,     0.103,    65.000,     0.113,    77.000,     0.163,    78.000,     0.177,    73.000,     0.189,    79.000,     0.242,    85.000,     0.251,     0.167
   120.000,    79.000,     0.148,    75.000,     0.110,    71.000,     0.121,    79.000,     0.117,    77.000,     0.126,    67.000,     0.157,    77.000,     0.197,    80.000,     0.243,    70.000,     0.268,     0.166
   135.000,    75.000,     0.174,    78.000,     0.134,    77.000,     0.123,    71.000,     0.118,    74.000,     0.130,    77.000,     0.207,    75.000,     0.210,    63.000,     0.211,    77.000,     0.259,     0.174
   150.000,    75.000,     0.157,    70.000,     0.116,    87.000,     0.145,    82.000,     0.130,    75.000,     0.140,    69.000,     0.130,    68.000,     0.193,    79.000,     0.259,    76.000,     0.248,     0.169
   165.000,    70.000,     0.140,    84.000,     0.103,    61.000,     0.113,    80.000,     0.183,    88.000,     0.196,    69.000,     0.165,    72.000,     0.166,    55.000,     0.187,    77.000,     0.260,     0.170
   180.000,    74.000,     0.152,    76.000,     0.099,    83.000,     0.109,    75.000,     0.114,    60.000,     0.199,    91.000,     0.213,    82.000,     0.196,    80.000,     0.202,    61.000,     0.192,     0.166
   195.000,    80.000,     0.174,    74.000,     0.116,    77.000,     0.149,    80.000,     0.147,    82.000,     0.137,    65.000,     0.184,    74.000,     0.203,    90.000,     0.225,    87.000,     0.230,     0.176
   210.000,    74.000,     0.167,    77.000,     0.093,    78.000,     0.098,    71.000,     0.148,    82.000,     0.151,    88.000,     0.171,    75.000,     0.200,    71.000,     0.221,    70.000,     0.267,     0.171
   225.000,    80.000,     0.151,    78.000,     0.122,    79.000,     0.111,    76.000,     0.130,    71.000,     0.157,    70.000,     0.177,    87.000,     0.222,    88.000,     0.249,    81.000,     0.274,     0.178
   240.000,    75.000,     0.163,    76.000,     0.117,    76.000,     0.139,    76.000,     0.121,    77.000,     0.154,    73.000,     0.190,    68.000,     0.179,    65.000,     0.236,    87.000,     0.273,     0.177
   255.000,    80.000,     0.145,    74.000,     0.110,    71.000,     0.116,    83.000,     0.160,    78.000,     0.152,    76.000,     0.173,    84.000,     0.210,    83.000,     0.200,    58.000,     0.254,     0.169
   270.000,    75.000,     0.175,    72.000,     0.117,    85.000,     0.125,    72.000,     0.125,    66.000,     0.164,    79.000,     0.181,    73.000,     0.163,    75.000,     0.236,    83.000,     0.287,     0.177
   285.000,    75.000,     0.132,    76.000,     0.126,    73.000,     0.133,    78.000,     0.137,    81.000,     0.158,    76.000,     0.154,    77.000,     0.188,    77.000,     0.240,    81.000,     0.256,     0.169
     0.000,    15.000,     0.012,     6.000,     0.000,     0.000,     0.000,     0.000,     0.000,     0.000,     0.000,     0.000,     0.000,     0.000,     0.000,     0.000,     0.000,     0.000,     0.000,     0.012
    15.000,    16.000,     0.031,    18.000,     0.017,    13.000,     0.000,     5.000,     0.000,     0.000,     0.000,     0.000,     0.000,     0.000,     0.000,     0.000,     0.000,     0.000,     0.000,     0.018
    30.000,    15.000,     0.002,    14.000,     0.016,    16.000,     0.006,    15.000,     0.003,    13.000,     0.002,     3.000,     0.000,     0.000,     0.000,     0.000,     0.000,     0.000,     0.000,     0.007
    45.000,    15.000,     0.018,    17.000,     0.003,    15.000,     0.028,    15.000,     0.011,    15.000,     0.008,    15.000,     0.023,    10.000,     0.009,     3.000,     0.000,     1.000,     0.000,     0.014
    60.000,    15.000,     0.001,    12.000,     0.010,    17.000,     0.057,    14.000,     0.027,    14.000,     0.006,    14.000,     0.031,    16.000,     0.057,    15.000,     0.016,    10.000,     0.017,     0.025
    75.000,    15.000,     0.011,    16.000,     0.060,    18.000,     0.042,    14.000,     0.031,    13.000,     0.001,    16.000,     0.020,    16.000,     0.033,    14.000,     0.030,    13.000,     0.034,     0.030
    90.000,    15.000,     0.013,    16.000,     0.026,    12.000,     0.029,    18.000,     0.048,    18.000,     0.038,    12.000,     0.038,    13.000,     0.021,    14.000,     0.056,    17.000,     0.057,     0.036
   105.000,    16.000,     0.019,    15.000,     0.041,    15.000,     0.031,    17.000,     0.038,    14.000,     0.035,    19.000,     0.080,    15.000,     0.032,    11.000,     0.045,    12.000,     0.101,     0.047
   120.000,    16.000,     0.004,    15.000,     0.021,    17.000,     0.028,    14.000,     0.050,    18.000,     0.044,    13.000,     0.027,    14.000,     0.044,    20.000,     0.059,    13.000,     0.084,     0.039
   135.000,    16.000,     0.013,    15.000,     0.026,    16.000,     0.006,    18.000,     0.045,    15.000,     0.032,    17.000,     0.089,    19.000,     0.049,    15.000,     0.067,    18.000,     0.090,     0.048
   150.000,    16.000,     0.032,    14.000,     0.001,    13.000,     0.014,    16.000,     0.017,    17.000,     0.059,    16.000,     0.033,    12.000,     0.036,    19.000,     0.041,    13.000,     0.074,     0.036
   165.000,    16.000,     0.043,    17.000,     0.047,    15.000,     0.028,    16.000,     0.017,    15.000,     0.017,    14.000,     0.040,    17.000,     0.038,    19.000,     0.019,    14.000,     0.074,     0.036
   180.000,    16.000,     0.012,    16.000,     0.015,    17.000,     0.035,    12.000,     0.023,    15.000,     0.023,    13.000,     0.002,    17.000,     0.021,    15.000,     0.055,    15.000,     0.069,     0.030
   195.000,    16.000,     0.022,    14.000,     0.055,    17.000,     0.022,    18.000,     0.038,    17.000,     0.012,    17.000,     0.020,    12.000,     0.021,    13.000,     0.061,    20.000,     0.123,     0.043
   210.000,    16.000,     0.022,    17.000,     0.026,    13.000,     0.024,    17.000,     0.033,    16.000,     0.032,    16.000,     0.031,    20.000,     0.049,    17.000,     0.064,    12.000,     0.071,     0.038
   225.000,    15.000,     0.011,    15.000,     0.067,    16.000,     0.046,    16.000,     0.041,    13.000,     0.035,    18.000,     0.036,    13.000,     0.075,    15.000,     0.153,    22.000,     0.165,     0.073
   240.000,    16.000,     0.019,    15.000,     0.049,    14.000,     0.011,    13.000,     0.031,    17.000,     0.082,    18.000,     0.072,    20.000,     0.058,    13.000,     0.040,     8.000,     0.142,     0.055
   255.000,    15.000,     0.027,    15.000,     0.010,    16.000,     0.027,    14.000,     0.023,    13.000,     0.053,    13.000,     0.066,    14.000,     0.072,    16.000,     0.101,    19.000,     0.080,     0.052
   270.000,    15.000,     0.037,    16.000,     0.065,    19.000,     0.014,    13.000,     0.004,    15.000,     0.031,    14.000,     0.023,    13.000,     0.084,    17.000,     0.071,    14.000,     0.141,     0.052
   285.000,    16.000,     0.020,    16.000,     0.012,    15.000,     0.036,    17.000,     0.021,    18.000,     0.037,    14.000,     0.060,    14.000,     0.038,    10.000,     0.051,    16.000,     0.126,     0.047
     0.000,    45.000,     0.071,    17.000,     0.017,     1.000,     0.000,     0.000,     0.000,     0.000,     0.000,     0.000,     0.000,     0.000,     0.000,     0.000,     0.000,     0.000,     0.000,     0.067
    15.000,    48.000,     0.061,    51.000,     0.075,    34.000,     0.041,    12.000,     0.021,     1.000,     0.000,     0.000,     0.000,     0.000,     0.000,     0.000,     0.000,     0.000,     0.000,     0.062
    30.000,    48.000,     0.093,    46.000,     0.060,    45.000,     0.046,    41.000,     0.096,    25.000,     0.068,    11.000,     0.000,     1.000,     0.000,     0.000,     0.000,     0.000,     0.000,     0.071
    45.000,    45.000,     0.080,    46.000,     0.079,    46.000,     0.068,    48.000,     0.091,    49.000,     0.096,    34.000,     0.080,    22.000,     0.034,    10.000,     0.000,     3.000,     0.000,     0.078
    60.000,    48.000,     0.096,    45.000,     0.048,    44.000,     0.094,    53.000,     0.103,    40.000,     0.108,    52.000,     0.120,    40.000,     0.115,    27.000,     0.084,    21.000,     0.047,     0.096
    75.000,    48.000,     0.066,    46.000,     0.048,    49.000,     0.075,    43.000,     0.107,    50.000,     0.119,    42.000,     0.117,    42.000,     0.147,    50.000,     0.160,    37.000,     0.139,     0.105
    90.000,    45.000,     0.101,    45.000,     0.060,    45.000,     0.072,    53.000,     0.075,    48.000,     0.111,    43.000,     0.104,    43.000,     0.123,    39.000,     0.144,    40.000,     0.203,     0.107
   105.000,    48.000,     0.115,    44.000,     0.087,    47.000,     0.078,    42.000,     0.090,    48.000,     0.107,    55.000,     0.164,    50.000,     0.154,    41.000,     0.136,    41.000,     0.173,     0.123
   120.000,    48.000,     0.081,    46.000,     0.065,    45.000,     0.103,    46.000,     0.080,    40.000,     0.060,    40.000,     0.118,    46.000,     0.167,    60.000,     0.155,    43.000,     0.178,     0.113
   135.000,    44.000,     0.083,    47.000,     0.105,    53.000,     0.105,    49.000,     0.079,    49.000,     0.106,    42.000,     0.108,    42.000,     0.116,    39.000,     0.192,    54.000,     0.235,     0.130
   150.000,    48.000,     0.058,    45.000,     0.086,    39.000,     0.083,    51.000,     0.134,    55.000,     0.120,    53.000,     0.111,    45.000,     0.116,    39.000,     0.149,    41.000,     0.197,     0.116
   165.000,    45.000,     0.091,    46.000,     0.067,    46.000,     0.091,    44.000,     0.080,    43.000,     0.137,    51.000,     0.178,    56.000,     0.187,    53.000,     0.156,    41.000,     0.177,     0.130
   180.000,    45.000,     0.067,    45.000,     0.101,    47.000,     0.087,    46.000,     0.104,    51.000,     0.091,    41.000,     0.112,    44.000,     0.138,    48.000,     0.191,    56.000,     0.232,     0.127
   195.000,    45.000,     0.099,    46.000,     0.066,    49.000,     0.082,    49.000,     0.070,    47.000,     0.115,    45.000,     0.117,    50.000,     0.130,    38.000,     0.166,    43.000,     0.203,     0.116
   210.000,    48.000,     0.069,    43.000,     0.059,    47.000,     0.078,    45.000,     0.089,    42.000,     0.088,    44.000,     0.082,    45.000,     0.122,    53.000,     0.166,    45.000,     0.179,     0.106
   225.000,    45.000,     0.039,    48.000,     0.061,    46.000,     0.074,    37.000,     0.065,    49.000,     0.106,    47.000,     0.157,    44.000,     0.149,    41.000,     0.158,    53.000,     0.197,     0.113
   240.000,    45.000,     0.060,    46.000,     0.067,    49.000,     0.125,    56.000,     0.099,    41.000,     0.078,    44.000,     0.111,    53.000,     0.164,    48.000,     0.158,    40.000,     0.154,     0.113
   255.000,    42.000,     0.047,    44.000,     0.054,    42.000,     0.065,    41.000,     0.121,    50.000,     0.112,    49.000,     0.115,    34.000,     0.122,    37.000,     0.171,    53.000,     0.197,     0.112
   270.000,    45.000,     0.112,    46.000,     0.068,    48.000,     0.066,    46.000,     0.060,    39.000,     0.100,    54.000,     0.127,    58.000,     0.148,    48.000,     0.168,    31.000,     0.180,     0.116
   285.000,    47.000,     0.045,    45.000,     0.054,    36.000,     0.059,    45.000,     0.108,    54.000,     0.119,    40.000,     0.110,    44.000,     0.139,    52.000,     0.193,    61.000,     0.212,     0.120
     0.000,    15.000,     0.000,     7.000,     0.000,     0.000,     0.000,     0.000,     0.000,     0.000,     0.000,     0.000,     0.000,     0.000,     0.000,     0.000,     0.000,     0.000,     0.000,     0.000
    15.000,    15.000,     0.003,    13.000,     0.001,    14.000,     0.021,     6.000,     0.000,     0.000,     0.000,     0.000,     0.000,     0.000,     0.000,     0.000,     0.000,     0.000,     0.000,     0.006
    30.000,    15.000,     0.025,    16.000,     0.000,    13.000,     0.003,    13.000,     0.015,    13.000,     0.005,     7.000,     0.000,     1.000,     0.000,     0.000,     0.000,     0.000,     0.000,     0.011
    45.000,    15.000,     0.053,    16.000,     0.018,    20.000,     0.033,    11.000,     0.017,    10.000,     0.004,    13.000,     0.000,    11.000,     0.000,     6.000,     0.000,     3.000,     0.000,     0.021
    60.000,    16.000,     0.020,    17.000,     0.070,    16.000,     0.032,    20.000,     0.041,    18.000,     0.034,    15.000,     0.002,    12.000,     0.001,     9.000,     0.018,     6.000,     0.000,     0.031
    75.000,    15.000,     0.004,    14.000,     0.036,    16.000,     0.038,    19.000,     0.043,    18.000,     0.058,    21.000,     0.075,    12.000,     0.053,    13.000,     0.028,     8.000,     0.026,     0.042
    90.000,    16.000,     0.007,    14.000,     0.011,    14.000,     0.050,    13.000,     0.042,    16.000,     0.045,    18.000,     0.066,    21.000,     0.071,    13.000,     0.052,    14.000,     0.091,     0.049
   105.000,    16.000,     0.000,    17.000,     0.005,    14.000,     0.008,    14.000,     0.015,    14.000,     0.051,    15.000,     0.070,    13.000,     0.064,    24.000,     0.123,    23.000,     0.084,     0.050
   120.000,    16.000,     0.014,    16.000,     0.016,    13.000,     0.033,    19.000,     0.031,    14.000,     0.010,    13.000,     0.068,    16.000,     0.056,    10.000,     0.040,    14.000,     0.162,     0.054
   135.000,    16.000,     0.017,    18.000,     0.018,    16.000,     0.034,    15.000,     0.044,    18.000,     0.049,    16.000,     0.053,    12.000,     0.059,    17.000,     0.082,    13.000,     0.043,     0.044
   150.000,    15.000,     0.016,    16.000,     0.050,    18.000,     0.080,    19.000,     0.050,    15.000,     0.019,    14.000,     0.055,    19.000,     0.091,    11.000,     0.056,    14.000,     0.083,     0.056
   165.000,    16.000,     0.061,    18.000,     0.051,    15.000,     0.098,    15.000,     0.057,    16.000,     0.037,    17.000,     0.057,    14.000,     0.071,    17.000,     0.085,    14.000,     0.129,     0.071
   180.000,    16.000,     0.007,    15.000,     0.014,    17.000,     0.004,    17.000,     0.060,    18.000,     0.067,    14.000,     0.042,    19.000,     0.083,    18.000,     0.047,    14.000,     0.134,     0.052
   195.000,    16.000,     0.019,    15.000,     0.004,    16.000,     0.062,    18.000,     0.034,    13.000,     0.046,    16.000,     0.083,    19.000,     0.028,    14.000,     0.039,    14.000,     0.050,     0.042
   210.000,    16.000,     0.009,    15.000,     0.009,    14.000,     0.031,    20.000,     0.051,    19.000,     0.053,    14.000,     0.017,    13.000,     0.055,    17.000,     0.060,    19.000,     0.074,     0.041
   225.000,    15.000,     0.019,    13.000,     0.002,    18.000,     0.038,    14.000,     0.038,    15.000,     0.027,    19.000,     0.029,    17.000,     0.037,    17.000,     0.051,    13.000,     0.077,     0.033
   240.000,    15.000,     0.037,    17.000,     0.065,    12.000,     0.011,    17.000,     0.026,    18.000,     0.030,    13.000,     0.051,    18.000,     0.065,    15.000,     0.081,    19.000,     0.145,     0.060
   255.000,    15.000,     0.014,    12.000,     0.017,    18.000,     0.019,    13.000,     0.021,    13.000,     0.081,    22.000,     0.102,    16.000,     0.087,    15.000,     0.089,    17.000,     0.078,     0.058
   270.000,    15.000,     0.004,    16.000,     0.015,    15.000,     0.010,    17.000,     0.043,    17.000,     0.044,    11.000,     0.028,    14.000,     0.086,    20.000,     0.080,    20.000,     0.089,     0.048
   285.000,    16.000,     0.015,    17.000,     0.064,    17.000,     0.049,    15.000,     0.006,    15.000,     0.022,    18.000,     0.016,    12.000,     0.047,    11.000,     0.115,    14.000,     0.085,     0.045
     0.000,    45.000,     0.084,    21.000,     0.015,     1.000,     0.000,     0.000,     0.000,     0.000,     0.000,     0.000,     0.000,     0.000,     0.000,     0.000,     0.000,     0.000,     0.000,     0.077
    15.000,    46.000,     0.056,    46.000,     0.047,    38.000,     0.044,    15.000,     0.005,     2.000,     0.000,     0.000,     0.000,     0.000,     0.000,     0.000,     0.000,     0.000,     0.000,     0.049
    30.000,    48.000,     0.072,    47.000,     0.071,    49.000,     0.066,    42.000,     0.056,    31.000,     0.031,    14.000,     0.023,     2.000,     0.000,     0.000,     0.000,     0.000,     0.000,     0.062
    45.000,    45.000,     0.083,    44.000,     0.068,    41.000,     0.070,    49.000,     0.047,    46.000,     0.052,    38.000,     0.035,    27.000,     0.027,    14.000,     0.007,     3.000,     0.021,     0.058
    60.000,    45.000,     0.076,    46.000,     0.082,    48.000,     0.085,    37.000,     0.087,    38.000,     0.080,    41.000,     0.067,    42.000,     0.077,    28.000,     0.049,    25.000,     0.064,     0.076
    75.000,    45.000,     0.079,    47.000,     0.083,    50.000,     0.098,    49.000,     0.067,    44.000,     0.084,    41.000,     0.079,    33.000,     0.091,    40.000,     0.120,    40.000,     0.132,     0.090
    90.000,    46.000,     0.077,    50.000,     0.059,    41.000,     0.080,    46.000,     0.090,    47.000,     0.100,    43.000,     0.101,    42.000,     0.101,    38.000,     0.116,    34.000,     0.142,     0.094
   105.000,    48.000,     0.082,    50.000,     0.055,    50.000,     0.075,    48.000,     0.092,    47.000,     0.142,    48.000,     0.140,    40.000,     0.135,    46.000,     0.153,    42.000,     0.146,     0.113
   120.000,    48.000,     0.106,    41.000,     0.048,    41.000,     0.064,    50.000,     0.104,    58.000,     0.122,    47.000,     0.130,    46.000,     0.151,    46.000,     0.158,    40.000,     0.210,     0.122
   135.000,    45.000,     0.070,    47.000,     0.077,    49.000,     0.090,    40.000,     0.102,    42.000,     0.140,    56.000,     0.171,    60.000,     0.187,    48.000,     0.188,    50.000,     0.174,     0.135
   150.000,    46.000,     0.073,    45.000,     0.068,    46.000,     0.103,    50.000,     0.118,    44.000,     0.092,    36.000,     0.126,    44.000,     0.181,    58.000,     0.209,    49.000,     0.200,     0.134
   165.000,    41.000,     0.089,    46.000,     0.084,    47.000,     0.053,    44.000,     0.109,    50.000,     0.121,    49.000,     0.096,    36.000,     0.121,    39.000,     0.157,    56.000,     0.245,     0.126
   180.000,    45.000,     0.042,    47.000,     0.055,    51.000,     0.089,    47.000,     0.084,    40.000,     0.103,    52.000,     0.087,    51.000,     0.110,    44.000,     0.122,    38.000,     0.184,     0.097
   195.000,    47.000,     0.135,    49.000,     0.058,    47.000,     0.066,    48.000,     0.115,    51.000,     0.113,    37.000,     0.106,    50.000,     0.158,    45.000,     0.148,    50.000,     0.164,     0.118
   210.000,    47.000,     0.059,    47.000,     0.094,    49.000,     0.061,    47.000,     0.085,    44.000,     0.096,    54.000,     0.144,    44.000,     0.169,    42.000,     0.195,    46.000,     0.143,     0.116
   225.000,    45.000,     0.074,    50.000,     0.072,    45.000,     0.089,    52.000,     0.111,    43.000,     0.096,    47.000,     0.136,    48.000,     0.127,    56.000,     0.170,    43.000,     0.212,     0.120
   240.000,    45.000,     0.075,    49.000,     0.087,    47.000,     0.079,    45.000,     0.127,    49.000,     0.121,    49.000,     0.130,    44.000,     0.147,    52.000,     0.154,    48.000,     0.228,     0.128
   255.000,    48.000,     0.082,    47.000,     0.076,    44.000,     0.090,    48.000,     0.087,    51.000,     0.096,    39.000,     0.105,    43.000,     0.113,    43.000,     0.138,    52.000,     0.212,     0.112
   270.000,    44.000,     0.120,    46.000,     0.077,    52.000,     0.074,    46.000,     0.090,    42.000,     0.096,    57.000,     0.130,    48.000,     0.149,    35.000,     0.152,    43.000,     0.206,     0.121
   285.000,    48.000,     0.089,    49.000,     0.110,    41.000,     0.101,    44.000,     0.101,    51.000,     0.110,    40.000,     0.097,    51.000,     0.185,    60.000,     0.192,    34.000,     0.153,     0.128
     0.000,    15.000,     0.005,     6.000,     0.000,     0.000,     0.000,     0.000,     0.000,     0.000,     0.000,     0.000,     0.000,     0.000,     0.000,     0.000,     0.000,     0.000,     0.000,     0.004
    15.000,    16.000,     0.010,    16.000,     0.016,    14.000,     0.001,     4.000,     0.000,     1.000,     0.000,     0.000,     0.000,     0.000,     0.000,     0.000,     0.000,     0.000,     0.000,     0.011
    30.000,    16.000,     0.078,    15.000,     0.030,    17.000,     0.030,    16.000,     0.030,     9.000,     0.081,     2.000,     0.000,     1.000,     0.000,     0.000,     0.000,     0.000,     0.000,     0.044
    45.000,    16.000,     0.040,    15.000,     0.063,    13.000,     0.004,    15.000,     0.019,    20.000,     0.027,    18.000,     0.017,     7.000,     0.000,     2.000,     0.000,     1.000,     0.000,     0.028
    60.000,    15.000,     0.015,    15.000,     0.030,    16.000,     0.026,    14.000,     0.000,     9.000,     0.011,    15.000,     0.020,    17.000,     0.041,    14.000,     0.041,     8.000,     0.025,     0.023
    75.000,    16.000,     0.021,    16.000,     0.018,    16.000,     0.003,    13.000,     0.031,    17.000,     0.020,    12.000,     0.054,    12.000,     0.031,    14.000,     0.007,    13.000,     0.054,     0.025
    90.000,    16.000,     0.023,    16.000,     0.054,    15.000,     0.029,    19.000,     0.022,    16.000,     0.046,    14.000,     0.023,    14.000,     0.043,    12.000,     0.044,    12.000,     0.046,     0.037
   105.000,    16.000,     0.023,    16.000,     0.019,    18.000,     0.027,    17.000,     0.009,    21.000,     0.050,    19.000,     0.050,    12.000,     0.007,    15.000,     0.063,    13.000,     0.108,     0.038
   120.000,    16.000,     0.054,    13.000,     0.069,    15.000,     0.001,    18.000,     0.038,    16.000,     0.047,    15.000,     0.038,    22.000,     0.081,    11.000,     0.042,    13.000,     0.039,     0.045
   135.000,    16.000,     0.043,    18.000,     0.032,    12.000,     0.005,    12.000,     0.005,    14.000,     0.019,    19.000,     0.019,    18.000,     0.075,    21.000,     0.088,    15.000,     0.055,     0.042
   150.000,    16.000,     0.027,    14.000,     0.031,    22.000,     0.056,    14.000,     0.014,    12.000,     0.053,    11.000,     0.020,    18.000,     0.042,    18.000,     0.099,    22.000,     0.117,     0.056
   165.000,    16.000,     0.004,    17.000,     0.027,    17.000,     0.042,    17.000,     0.095,    14.000,     0.044,    12.000,     0.009,     8.000,     0.017,     9.000,     0.030,    18.000,     0.093,     0.044
   180.000,    16.000,     0.011,    15.000,     0.032,    13.000,     0.034,    19.000,     0.056,    22.000,     0.079,    15.000,     0.065,    16.000,     0.036,    16.000,     0.057,     7.000,     0.028,     0.044
   195.000,    16.000,     0.010,    16.000,     0.025,    15.000,     0.015,    18.000,     0.016,    15.000,     0.033,    19.000,     0.058,    15.000,     0.021,    11.000,     0.069,    15.000,     0.098,     0.039
   210.000,    16.000,     0.007,    17.000,     0.000,    14.000,     0.003,    15.000,     0.021,    16.000,     0.023,    16.000,     0.058,    24.000,     0.084,    20.000,     0.071,    16.000,     0.122,     0.043
   225.000,    16.000,     0.014,    15.000,     0.026,    17.000,     0.014,    16.000,     0.007,    14.000,     0.021,    17.000,     0.016,    14.000,     0.065,    20.000,     0.072,    15.000,     0.044,     0.034
   240.000,    15.000,     0.013,    17.000,     0.044,    16.000,     0.026,    15.000,     0.039,    16.000,     0.013,    16.000,     0.020,    17.000,     0.036,    15.000,     0.053,    18.000,     0.078,     0.037
   255.000,    15.000,     0.012,    13.000,     0.053,    13.000,     0.041,    15.000,     0.051,    17.000,     0.041,    15.000,     0.015,    15.000,     0.042,    13.000,     0.068,    16.000,     0.111,     0.050
   270.000,    15.000,     0.051,    17.000,     0.068,    16.000,     0.021,    13.000,     0.063,    17.000,     0.014,    15.000,     0.044,    12.000,     0.059,    15.000,     0.067,    20.000,     0.067,     0.050
   285.000,    15.000,     0.023,    15.000,     0.040,    16.000,     0.027,    20.000,     0.010,    13.000,     0.027,    15.000,     0.032,    16.000,     0.052,    14.000,     0.032,    12.000,     0.060,     0.033
     0.000,    75.000,     0.241,    29.000,     0.038,     2.000,     0.000,     0.000,     0.000,     0.000,     0.000,     0.000,     0.000,     0.000,     0.000,     0.000,     0.000,     0.000,     0.000,     0.222
    15.000,    78.000,     0.141,    86.000,     0.121,    58.000,     0.078,    17.000,     0.019,     3.000,     0.000,     0.000,     0.000,     0.000,     0.000,     0.000,     0.000,     0.000,     0.000,     0.119
    30.000,    78.000,     0.197,    72.000,     0.129,    81.000,     0.133,    81.000,     0.108,    41.000,     0.041,    12.000,     0.032,     5.000,     0.000,     2.000,     0.000,     0.000,     0.000,     0.136
    45.000,    80.000,     0.140,    79.000,     0.123,    71.000,     0.126,    77.000,     0.152,    83.000,     0.126,    67.000,     0.098,    27.000,     0.021,    11.000,     0.000,     7.000,     0.000,     0.124
    60.000,    80.000,     0.168,    79.000,     0.141,    76.000,     0.123,    78.000,     0.135,    75.000,     0.132,    80.000,     0.137,    81.000,     0.153,    51.000,     0.082,    21.000,     0.021,     0.136
    75.000,    75.000,     0.174,    77.000,     0.122,    85.000,     0.146,    78.000,     0.135,    71.000,     0.140,    78.000,     0.154,    72.000,     0.205,    77.000,     0.201,    69.000,     0.189,     0.162
    90.000,    77.000,     0.197,    79.000,     0.147,    75.000,     0.119,    85.000,     0.169,    86.000,     0.175,    63.000,     0.150,    78.000,     0.185,    76.000,     0.221,    76.000,     0.246,     0.178
   105.000,    75.000,     0.130,    72.000,     0.119,    82.000,     0.152,    76.000,     0.153,    81.000,     0.178,    92.000,     0.174,    76.000,     0.162,    69.000,     0.221,    75.000,     0.202,     0.166
   120.000,    75.000,     0.164,    79.000,     0.101,    74.000,     0.102,    80.000,     0.134,    81.000,     0.139,    79.000,     0.191,    88.000,     0.204,    86.000,     0.212,    67.000,     0.270,     0.170
   135.000,    79.000,     0.100,    72.000,     0.095,    79.000,     0.157,    78.000,     0.133,    81.000,     0.145,    78.000,     0.155,    82.000,     0.225,    80.000,     0.262,    84.000,     0.250,     0.172
   150.000,    75.000,     0.174,    74.000,     0.110,    72.000,     0.121,    79.000,     0.128,    67.000,     0.160,    72.000,     0.197,    81.000,     0.190,    82.000,     0.243,    89.000,     0.292,     0.183
   165.000,    77.000,     0.134,    72.000,     0.105,    72.000,     0.124,    73.000,     0.146,    79.000,     0.171,    78.000,     0.161,    62.000,     0.210,    75.000,     0.243,    89.000,     0.309,     0.182
   180.000,    75.000,     0.171,    83.000,     0.116,    78.000,     0.138,    77.000,     0.131,    75.000,     0.132,    72.000,     0.199,    80.000,     0.207,    65.000,     0.192,    56.000,     0.260,     0.171
   195.000,    78.000,     0.141,    77.000,     0.131,    74.000,     0.116,    84.000,     0.146,    80.000,     0.159,    73.000,     0.135,    73.000,     0.179,    83.000,     0.225,    87.000,     0.261,     0.166
   210.000,    73.000,     0.201,    70.000,     0.114,    79.000,     0.129,    79.000,     0.134,    72.000,     0.162,    89.000,     0.192,    84.000,     0.165,    71.000,     0.208,    67.000,     0.291,     0.179
   225.000,    78.000,     0.159,    80.000,     0.112,    76.000,     0.092,    70.000,     0.125,    83.000,     0.146,    70.000,     0.149,    78.000,     0.208,    91.000,     0.218,    83.000,     0.242,     0.163
   240.000,    75.000,     0.137,    78.000,     0.128,    81.000,     0.140,    78.000,     0.117,    63.000,     0.131,    76.000,     0.152,    71.000,     0.150,    65.000,     0.209,    87.000,     0.258,     0.159
   255.000,    74.000,     0.228,    75.000,     0.138,    74.000,     0.155,    77.000,     0.151,    79.000,     0.123,    71.000,     0.122,    61.000,     0.152,    71.000,     0.172,    63.000,     0.220,     0.164
   270.000,    76.000,     0.167,    72.000,     0.130,    74.000,     0.167,    79.000,     0.146,    79.000,     0.172,    89.000,     0.176,    78.000,     0.158,    69.000,     0.154,    62.000,     0.190,     0.162
   285.000,    79.000,     0.128,    76.000,     0.123,    70.000,     0.114,    66.000,     0.169,    82.000,     0.187,    69.000,     0.205,    79.000,     0.234,    83.000,     0.239,    77.000,     0.224,     0.182
